,0,1,2,3,4
0,0.8207926,0.0,0.4072333,0.40151903,0.6322108
1,0.8128926,0.0,0.41237658,0.4145185,0.63477325
2,0.805579,0.0,0.4211684,0.426759,0.6387037
3,0.79691744,0.0,0.4059232,0.43767357,0.6420252
4,0.7890855,0.0,0.41380572,0.44259572,0.6398132
5,0.7805946,0.0,0.40569866,0.44370848,0.635602
6,0.7736703,0.0,0.39819697,0.44941652,0.6351044
7,0.7667587,0.0,0.3841946,0.46007884,0.6381121
8,0.7601515,0.0,0.38989314,0.4707429,0.64147675
9,0.7514458,0.0,0.40040278,0.44288847,0.6137452
10,0.7410662,0.0,0.36660117,0.41813943,0.5906231
11,0.7341347,0.0,0.3637747,0.40922138,0.5813868
12,0.72580373,0.0,0.36450213,0.40766323,0.5776061
13,0.71995896,0.0,0.37527496,0.40103436,0.5684372
14,0.7127681,0.0,0.37684965,0.3852977,0.5508005
15,0.7040686,0.0,0.36848745,0.36429325,0.52924436
16,0.6924449,0.0,0.37459585,0.3401982,0.50499994
17,0.6822732,0.0,0.36951673,0.31841156,0.48248148
18,0.6762085,0.0,0.36203808,0.30368197,0.46601647
19,0.67009926,0.0,0.35506254,0.28951293,0.4494747
20,0.66602385,0.0,0.37144354,0.27829364,0.43543643
21,0.6601756,0.0,0.3556943,0.26754114,0.42255935
22,0.6564039,0.0,0.3565255,0.2582122,0.41211966
23,0.6545786,0.0,0.3496623,0.25372455,0.4065502
24,0.65369475,0.0,0.3582947,0.251944,0.4038849
25,0.65243435,0.0,0.3555736,0.25028205,0.40205085
26,0.65082026,0.0,0.35490757,0.24894036,0.40044135
27,0.65326107,0.0,0.3555683,0.25603867,0.40513265
28,0.65806997,0.0,0.35659456,0.2664324,0.4119898
29,0.6607593,0.0,0.35787144,0.27370986,0.41675404
30,0.6590474,0.0,0.35968328,0.2709542,0.4141094
31,0.65545374,0.0,0.35933882,0.2640869,0.40861362
32,0.6481686,0.0,0.3565873,0.25413394,0.40028164
33,0.638771,0.0,0.35444057,0.24226876,0.39080667
34,0.6280613,0.0,0.23294577,0.2404892,0.3887347
35,0.6093998,0.0,0.0,0.21489996,0.36935234
36,0.599609,0.0,0.0,0.21417639,0.37074423
37,0.5859912,0.0,0.0,0.20942894,0.3664937
38,0.5726502,0.0,0.007885252,0.20354857,0.36042455
39,0.56288755,0.0,0.009842475,0.19506335,0.35360938
40,0.5499352,0.0,0.001487483,0.18556626,0.34507558
41,0.5351211,0.0,0.0,0.1771611,0.3371354
42,0.5193247,0.0,0.0,0.1689926,0.32719946
43,0.5061472,0.0,0.0,0.1602178,0.31980634
44,0.49353743,0.0,0.0,0.15160313,0.31327343
45,0.47934037,0.0,0.0,0.14461988,0.30702674
46,0.46665874,0.0,0.0,0.13935952,0.30205834
47,0.45722392,0.0,0.0,0.13395193,0.29748103
48,0.4486581,0.0,0.0,0.1279315,0.29225728
49,0.440476,0.0,0.0,0.122714065,0.2871286
50,0.43334067,0.0,0.0,0.11859007,0.28305486
51,0.4268976,0.0,0.0,0.11437342,0.2792711
52,0.41949224,0.0,0.0,0.110079534,0.27505755
53,0.4129163,0.0,0.0,0.106187485,0.27118385
54,0.4074893,0.0,0.0,0.102256514,0.26767436
55,0.40119433,0.0,0.0,0.09738489,0.263451
56,0.39444765,0.0,0.0,0.09242034,0.25917503
57,0.3895089,0.0,0.0,0.08825586,0.25544837
58,0.38668653,0.0,0.0,0.08434881,0.25250635
59,0.3853762,0.0,0.0,0.0814006,0.25073817
60,0.38480157,0.0,0.0,0.077443525,0.24852107
61,0.3847621,0.0,0.0,0.0740997,0.2468085
62,0.38389647,0.0,0.0,0.07146663,0.24479176
63,0.38066065,0.0,0.0,0.06912468,0.24222031
64,0.37657648,0.0,0.0,0.06797494,0.2403844
65,0.37199727,0.0,0.0,0.06609517,0.23833835
66,0.3654149,0.0,0.0,0.06416275,0.23573203
67,0.35777944,0.0,0.0,0.06100396,0.2324072
68,0.3514225,0.0,0.0,0.05754195,0.229367
69,0.3472339,0.0,0.0,0.05549391,0.22718273
70,0.34554467,0.0,0.0,0.05415503,0.22565418
71,0.34514403,0.0,0.0,0.05311696,0.22423503
72,0.34527007,0.0,0.0,0.05166419,0.22230266
73,0.34593046,0.0,0.0,0.05018132,0.22039758
74,0.34638754,0.0,0.0,0.048040193,0.21817838
75,0.34615374,0.0,0.0,0.0464897,0.21652979
76,0.34612814,0.0,0.0,0.04522493,0.21531709
77,0.3461327,0.0,0.0,0.04447867,0.21434757
78,0.34548035,0.0,0.0,0.04353991,0.21314509
79,0.34464058,0.0,0.0,0.042098716,0.21158002
80,0.34210035,0.0,0.0,0.03968945,0.2088135
81,0.3378581,0.0,0.0,0.03808953,0.20628123
82,0.33363166,0.0,0.0,0.037177257,0.20411137
83,0.32940525,0.0,0.0,0.036507837,0.20206499
84,0.32496363,0.0,0.0,0.036101967,0.20018576
85,0.32065862,0.0,0.0,0.03500149,0.19802321
86,0.31729338,0.0,0.0,0.03391208,0.19576897
87,0.31451553,0.0,0.0,0.033424817,0.19402559
88,0.3121751,0.0,0.0,0.032846324,0.19231978
89,0.31056166,0.0,0.0,0.032753978,0.19119406
90,0.30939806,0.0,0.0,0.032397304,0.19018538
91,0.30988008,0.0,0.0,0.03239236,0.18940072
92,0.3117588,0.0,0.0,0.03170429,0.18850608
93,0.31312075,0.0,0.0,0.030722834,0.18749472
94,0.3136735,0.0,0.0,0.02951954,0.1864905
95,0.31336674,0.0,0.0,0.02874789,0.18557562
96,0.31258976,0.0,0.0,0.02869533,0.18478963
97,0.31176943,0.0,0.0,0.028553229,0.18387932
98,0.31098676,0.0,0.0,0.028181408,0.18303196
99,0.30956417,0.0,0.0,0.028620157,0.18265612
100,0.3073816,0.0,0.0,0.02837919,0.18155147
101,0.30504858,0.0,0.0,0.028256942,0.18046056
102,0.30261898,0.0,0.0,0.027587984,0.1791462
103,0.3007046,0.0,0.0,0.02680146,0.1779877
104,0.29896605,0.0,0.0,0.026464052,0.17711447
105,0.29641026,0.0,0.0,0.02603288,0.1759152
106,0.29419428,0.0,0.0,0.026248302,0.1750653
107,0.2923314,0.0,0.0,0.025899928,0.17406963
108,0.29040253,0.0,0.0,0.02594421,0.1735736
109,0.28891185,0.0,0.0,0.02638302,0.17334352
110,0.28815678,0.0,0.0,0.026496843,0.1731141
111,0.28819555,0.0,0.0,0.026478507,0.1729101
112,0.28867698,0.0,0.0,0.026330069,0.17266251
113,0.289453,0.0,0.0,0.026661962,0.17268905
114,0.2897516,0.0,0.0,0.026622195,0.17269468
115,0.28894597,0.0,0.0,0.026878234,0.172917
116,0.28846088,0.0,0.0,0.027332753,0.17334327
117,0.2872616,0.0,0.0,0.027752317,0.17338502
118,0.28644314,0.0,0.0,0.027996268,0.17351279
119,0.28433785,0.0,0.0,0.028113503,0.17322871
120,0.28310585,0.0,0.0,0.02789522,0.17269506
121,0.28314328,0.0,0.0,0.027371433,0.17209817
122,0.28424615,0.0,0.0,0.027304169,0.17196006
123,0.2863607,0.0,0.0,0.026942264,0.17153625
124,0.28819707,0.0,0.0,0.025848981,0.17059666
125,0.2892395,0.0,0.0,0.024667196,0.16952224
126,0.29069796,0.0,0.0,0.023923337,0.16895781
127,0.29071543,0.0,0.0,0.02356508,0.16874142
128,0.28973696,0.0,0.0,0.023614336,0.16905689
129,0.28903526,0.0,0.0,0.024102353,0.16976264
130,0.2886945,0.0,0.0,0.024658196,0.17049816
131,0.28773528,0.0,0.0,0.024940737,0.17102836
132,0.28539646,0.0,0.0,0.024725497,0.17104635
133,0.28182548,0.0,0.0,0.024050232,0.17071676
134,0.27817175,0.0,0.0,0.023423616,0.17047955
135,0.2754795,0.0,0.0,0.022592478,0.17021202
136,0.27369234,0.0,0.0,0.022009496,0.17020012
137,0.2725696,0.0,0.0,0.021754649,0.17056678
138,0.27208102,0.0,0.0,0.022122964,0.17152701
139,0.27189994,0.0,0.0,0.021125622,0.17161098
140,0.27202964,0.0,0.0,0.020472411,0.17200436
141,0.27243662,0.0,0.0,0.020317242,0.1724943
142,0.2729458,0.0,0.0,0.019921057,0.17279989
143,0.27340037,0.0,0.0,0.019483805,0.17320248
144,0.27317813,0.0,0.0,0.01892405,0.17333886
145,0.27192855,0.0,0.0,0.018330403,0.17310879
146,0.2700218,0.0,0.0,0.018656377,0.17316918
147,0.2692687,0.0,0.0,0.018737163,0.17360996
148,0.26916122,0.0,0.0,0.018422425,0.17377774
149,0.27000636,0.0,0.0,0.018450424,0.17429918
150,0.27089742,0.0,0.0,0.018617284,0.17483683
151,0.27112585,0.0,0.0,0.018367007,0.17504299
152,0.2680675,0.0,0.0,0.016990248,0.17358012
153,0.2640794,0.0,0.0,0.016128756,0.17254822
154,0.26021397,0.0,0.0,0.01637837,0.172537
155,0.2569268,0.0,0.0,0.017150827,0.1729576
156,0.25395775,0.0,0.0,0.017085485,0.17294495
157,0.2523147,0.0,0.0,0.017022617,0.1730184
158,0.2512844,0.0,0.0,0.017404255,0.17324701
159,0.25122473,0.0,0.0,0.017565824,0.17326614
160,0.2517412,0.0,0.0,0.017420504,0.17310587
161,0.25277057,0.0,0.0,0.01705673,0.17271806
162,0.2537522,0.0,0.0,0.016904727,0.17254837
163,0.25451767,0.0,0.0,0.01718456,0.17270227
164,0.25462806,0.0,0.0,0.017267652,0.172783
165,0.25466016,0.0,0.0,0.017490093,0.17292075
166,0.25472575,0.0,0.0,0.01793512,0.17315912
167,0.25469658,0.0,0.0,0.018255115,0.1733152
168,0.2544298,0.0,0.0,0.018060073,0.17318498
169,0.2541845,0.0,0.0,0.01791709,0.17308359
170,0.25198737,0.0,0.0,0.017765291,0.172925
171,0.24914175,0.0,0.0,0.018153898,0.17313018
172,0.2456269,0.0,0.0,0.01808716,0.17299025
173,0.24192862,0.0,0.0,0.018415555,0.17330621
174,0.23882979,0.0,0.0,0.01863011,0.17361508
175,0.2364335,0.0,0.0,0.018929664,0.17414285
176,0.23488751,0.0,0.0,0.018704403,0.17432705
177,0.23416334,0.0,0.0,0.018311292,0.17451435
178,0.23383017,0.0,0.0,0.017670296,0.17449112
179,0.23417716,0.0,0.0,0.01745274,0.17476708
180,0.23449731,0.0,0.0,0.016992833,0.1748768
181,0.23489669,0.0,0.0,0.017143615,0.17540702
182,0.23536046,0.0,0.0,0.017248604,0.1758924
183,0.23584034,0.0,0.0,0.017164763,0.17617378
184,0.23902413,0.0,0.0,0.016955324,0.17689833
185,0.24360397,0.0,0.0,0.017138407,0.17796896
186,0.24808268,0.0,0.0,0.017457392,0.17900862
187,0.24874829,0.0,0.0,0.01782399,0.17934169
188,0.2468523,0.0,0.0,0.017794576,0.17920864
189,0.24322845,0.0,0.0,0.017906155,0.17924406
190,0.23775356,0.0,0.0,0.01750505,0.17857407
191,0.23218441,0.0,0.0,0.01724926,0.17792788
192,0.22685951,0.0,0.0,0.017502919,0.17764561
193,0.22209024,0.0,0.0,0.01864516,0.17792961
194,0.22166817,0.0,0.0,0.0193514,0.1783248
195,0.22452804,0.0,0.0,0.019707546,0.17871045
196,0.22946326,0.0,0.0,0.019811712,0.17888796
197,0.2504016,0.0,0.3170642,0.017536134,0.1850628
198,0.2598367,0.0,0.3437043,0.03975962,0.20861034
199,0.275596,0.0,0.34950235,0.054309823,0.2219341
200,0.28927284,0.0,0.35456374,0.07068374,0.23462789
201,0.2999304,0.0,0.36316568,0.08847484,0.24748416
202,0.30465144,0.0,0.35600042,0.106451385,0.258818
203,0.3073113,0.0,0.36566556,0.1230027,0.26779088
204,0.31175184,0.0,0.372806,0.13794765,0.2758063
205,0.31786764,0.0,0.37205753,0.15135781,0.28239223
206,0.3250756,0.0,0.37038457,0.1641288,0.2887749
207,0.3319947,0.0,0.3782203,0.17477518,0.2940566
208,0.33600193,0.0,0.3763612,0.1834294,0.29761207
209,0.34197205,0.0,0.37677038,0.19202267,0.3016258
210,0.34869772,0.0,0.38215336,0.20078975,0.30612692
211,0.35484982,0.0,0.38414636,0.20757057,0.30895838
212,0.35858798,0.0,0.3722336,0.2134981,0.31019074
213,0.36165923,0.0,0.3739819,0.219691,0.31170487
214,0.36643976,0.0,0.38457415,0.22656114,0.3147913
215,0.37548965,0.0,0.38842982,0.23290166,0.3185482
216,0.388899,0.0,0.39225563,0.23901,0.3229888
217,0.40461054,0.0,0.3981646,0.2502002,0.33233196
218,0.4176195,0.0,0.3914348,0.26959696,0.34835213
219,0.42793947,0.0,0.38916886,0.29368773,0.3674847
220,0.43839025,0.0,0.4068207,0.31677136,0.38646013
221,0.4470622,0.0,0.4077857,0.33758196,0.40289778
222,0.45472202,0.0,0.4220619,0.3536581,0.41534203
223,0.4618653,0.0,0.41781986,0.36937907,0.42703992
224,0.46888304,0.0,0.4085837,0.38484964,0.43862468
225,0.48036638,0.0,0.42398274,0.40062803,0.4508979
226,0.4932645,0.0,0.4393031,0.41162822,0.46072412
227,0.50291115,0.0,0.43377447,0.42060974,0.4683517
228,0.51214975,0.0,0.42732754,0.43195027,0.47799262
229,0.5201324,0.0,0.4404298,0.43811083,0.48427308
230,0.5235519,0.0,0.43847165,0.44028312,0.48725915
231,0.5248846,0.0,0.4290164,0.44333056,0.49004853
232,0.5278261,0.0,0.43857974,0.45014417,0.49467045
233,0.5320359,0.0,0.44024754,0.4579644,0.5003956
234,0.5378375,0.0,0.44277424,0.46529248,0.5061498
235,0.54427016,0.0,0.4456069,0.476469,0.5137798
236,0.54933685,0.0,0.45900917,0.482568,0.518328
237,0.55216575,0.0,0.4524517,0.48620346,0.52030075
238,0.5577121,0.0,0.46940872,0.48691902,0.520786
239,0.5626162,0.0,0.46468085,0.4870493,0.52066875
240,0.56889164,0.0,0.47446233,0.4861011,0.52019095
241,0.57714283,0.0,0.47091705,0.48829865,0.5233352
242,0.58377504,0.0,0.47362572,0.49119502,0.5266882
243,0.5890646,0.0,0.48622787,0.48774433,0.5248677
244,0.59453416,0.0,0.48844784,0.4795255,0.5197814
245,0.5983262,0.0,0.4722363,0.4697076,0.51289433
246,0.6015574,0.0,0.4720938,0.45879176,0.50550115
247,0.60341406,0.0,0.46756452,0.4493501,0.5002315
248,0.6032928,0.0,0.4741754,0.4355578,0.49256626
249,0.60274243,0.0,0.47170004,0.426039,0.48854196
250,0.6061235,0.0,0.48324174,0.4182581,0.4875682
251,0.61091685,0.0,0.47987643,0.41299248,0.4884855
252,0.61662656,0.0,0.48458207,0.408228,0.48887753
253,0.63007927,0.0,0.5324014,0.40648577,0.4919607
254,0.6380108,0.0,0.4974094,0.4028655,0.49218142
255,0.6549473,0.0,0.5660949,0.39765948,0.49149317
256,0.6729877,0.0,0.569705,0.39396265,0.49193612
257,0.69086003,0.0,0.56992465,0.3915451,0.49327427
258,0.7096607,0.0,0.5656635,0.38837567,0.49407202
259,0.7287283,0.0,0.57678515,0.38746417,0.49735698
260,0.7472161,0.0,0.57817507,0.38503188,0.4983645
261,0.7614981,0.0,0.5671005,0.38000917,0.4966975
262,0.7760334,0.0,0.5744708,0.3740356,0.49531868
263,0.78241086,0.0,0.49536383,0.3703071,0.49426818
264,0.7670389,0.0,0.08563202,0.34163257,0.4733818
265,0.7777193,0.0,0.17515631,0.34642678,0.48431718
266,0.7706738,0.0,0.18228722,0.34377357,0.48066926
267,0.7683741,0.0,0.19557661,0.33186206,0.47546923
268,0.7808725,0.0,0.4736161,0.32206318,0.47509006
269,0.7859062,0.0,0.5110163,0.32297173,0.48965302
270,0.7834004,0.0,0.44525123,0.30477485,0.47849143
271,0.78817415,0.0,0.5204696,0.29448265,0.47933763
272,0.7889768,0.0,0.5005632,0.29361784,0.48564816
273,0.7960074,0.0,0.4754741,0.3022965,0.49643564
274,0.80141306,0.0,0.47507322,0.31002423,0.50372213
275,0.8061682,0.0,0.47660166,0.31491935,0.5099195
276,0.80758214,0.0,0.46364963,0.330081,0.5224175
277,0.8074768,0.0,0.45980474,0.35242417,0.54179883
278,0.80587226,0.0,0.46178496,0.3760391,0.5611892
279,0.80157125,0.0,0.44212613,0.39562774,0.5761219
280,0.7996809,0.0,0.4590808,0.4128534,0.5900368
281,0.7944249,0.0,0.4339316,0.43165684,0.6042522
282,0.79029596,0.0,0.42342782,0.45017847,0.61872965
283,0.7864156,0.0,0.4240217,0.4679744,0.63311875
284,0.7803828,0.0,0.40962017,0.48068482,0.6431999
285,0.7756578,0.0,0.41627073,0.49332148,0.6517759
286,0.7679852,0.0,0.41823003,0.5056857,0.6600714
287,0.76102084,0.0,0.41794777,0.5182171,0.66889924
288,0.7524261,0.0,0.409985,0.52802455,0.6747964
289,0.7435504,0.0,0.4061111,0.5368001,0.6788899
290,0.736622,0.0,0.40631193,0.5478814,0.68448186
291,0.7290908,0.0,0.40614012,0.55993646,0.6893407
292,0.72495157,0.0,0.40951818,0.5722747,0.6943503
293,0.7206738,0.0,0.39230734,0.5792077,0.695603
294,0.71760535,0.0,0.3971218,0.5880827,0.6985749
295,0.71540654,0.0,0.39745763,0.5962148,0.7022097
296,0.71457934,0.0,0.41067255,0.6038664,0.7059636
297,0.71464956,0.0,0.39969453,0.6103132,0.70793355
298,0.71404195,0.0,0.38991952,0.611542,0.7067552
299,0.7113499,0.0,0.3920614,0.60602164,0.7017892
300,0.70578444,0.0,0.38384652,0.6003636,0.6971453
301,0.7016875,0.0,0.38505122,0.59606194,0.69454837
302,0.6989581,0.0,0.382447,0.59460646,0.6948259
303,0.6973798,0.0,0.38083416,0.5962916,0.6978241
304,0.6948935,0.0,0.37581828,0.60146856,0.70233494
305,0.69119865,0.0,0.38386306,0.6013136,0.70222855
306,0.6878568,0.0,0.37754685,0.6012319,0.70244944
307,0.68598115,0.0,0.38074854,0.60719454,0.7059318
308,0.6845131,0.0,0.38641044,0.61027986,0.70757115
309,0.6832347,0.0,0.37844092,0.61414117,0.7098851
310,0.68272877,0.0,0.37156335,0.6175735,0.71203214
311,0.68232614,0.0,0.37985402,0.6138931,0.7093719
312,0.6820618,0.0,0.37817076,0.60583454,0.70416903
313,0.6823926,0.0,0.37595263,0.5959277,0.69817835
314,0.68257713,0.0,0.37339932,0.58741605,0.693707
315,0.6845463,0.0,0.37353006,0.58153206,0.69123554
316,0.6848335,0.0,0.3704743,0.578985,0.6897057
317,0.6840866,0.0,0.3763824,0.5694765,0.68397415
318,0.68206275,0.0,0.36512354,0.55882144,0.6776144
319,0.67820275,0.0,0.35930032,0.5478622,0.6708058
320,0.6725087,0.0,0.3563624,0.537374,0.6642452
321,0.6682533,0.0,0.36021808,0.52538943,0.6566913
322,0.66555566,0.0,0.3611621,0.5139795,0.6494889
323,0.66395515,0.0,0.35591096,0.50346345,0.6427775
324,0.65115434,0.0,0.12317199,0.4978941,0.6415067
325,0.6242935,0.0,0.0,0.4597539,0.6108934
326,0.610719,0.0,0.008456846,0.44524452,0.60542613
327,0.5915024,0.0,0.018352333,0.4290009,0.59408766
328,0.57205874,0.0,0.016004313,0.4151502,0.5809921
329,0.55529976,0.0,0.011631434,0.39704314,0.56485033
330,0.53839165,0.0,0.0057580965,0.380567,0.5504754
331,0.5205966,0.0,0.0,0.36240748,0.53262484
332,0.5044917,0.0,0.0,0.3452506,0.5186999
333,0.49184486,0.0,0.0,0.33154652,0.5095022
334,0.4821747,0.0,0.0,0.32021362,0.5021066
335,0.4751714,0.0,0.0,0.3094933,0.49536413
336,0.47083098,0.0,0.0,0.2986221,0.48836684
337,0.46818334,0.0,0.0,0.2891502,0.48152685
338,0.46449196,0.0,0.0,0.27878729,0.47395408
339,0.46023974,0.0,0.0,0.26907462,0.46718818
340,0.45663,0.0,0.0,0.26039582,0.46142247
341,0.45071438,0.0,0.0,0.25097188,0.45434195
342,0.44380665,0.0,0.0,0.2427262,0.44809043
343,0.43559578,0.0,0.0,0.23634797,0.44224107
344,0.42785406,0.0,0.0,0.22990033,0.43739873
345,0.41927066,0.0,0.0,0.22252817,0.43200588
346,0.41169134,0.0,0.0,0.21612929,0.42688298
347,0.4062687,0.0,0.0,0.20972185,0.4224494
348,0.4026383,0.0,0.0,0.20417424,0.4183238
349,0.40112752,0.0,0.0,0.19811854,0.41380796
350,0.40052533,0.0,0.0,0.19183947,0.40932417
351,0.40100878,0.0,0.0,0.1855687,0.4050427
352,0.40187436,0.0,0.0,0.17978682,0.40113518
353,0.402461,0.0,0.0,0.1745964,0.39744413
354,0.4026056,0.0,0.0,0.16952786,0.39354622
355,0.4014713,0.0,0.0,0.16497448,0.39005238
356,0.39897507,0.0,0.0,0.16109835,0.3861698
357,0.3952517,0.0,0.0,0.15741792,0.38222176
358,0.3916397,0.0,0.0,0.15366451,0.3788073
359,0.38848528,0.0,0.0,0.14982958,0.37547868
360,0.3852167,0.0,0.0,0.14620183,0.37218088
361,0.38143733,0.0,0.0,0.14164323,0.36793417
362,0.37797976,0.0,0.0,0.13813028,0.36442286
363,0.374343,0.0,0.0,0.13481663,0.360963
364,0.37142277,0.0,0.0,0.13164139,0.3578202
365,0.3692447,0.0,0.0,0.12872484,0.3549053
366,0.36790496,0.0,0.0,0.12614098,0.3523642
367,0.36723122,0.0,0.0,0.12413203,0.34999454
368,0.3668479,0.0,0.0,0.12197422,0.34781444
369,0.36652142,0.0,0.0,0.12021933,0.34564108
370,0.36596242,0.0,0.0,0.11829128,0.34330118
371,0.36526555,0.0,0.0,0.11577975,0.3406585
372,0.36296746,0.0,0.0,0.112582855,0.33735642
373,0.35937634,0.0,0.0,0.10970071,0.3339964
374,0.3558128,0.0,0.0,0.10802057,0.33159614
375,0.3524238,0.0,0.0,0.10732672,0.32986212
376,0.34952542,0.0,0.0,0.10595763,0.32758963
377,0.34766424,0.0,0.0,0.10454838,0.32510903
378,0.3465473,0.0,0.0,0.1032883,0.32279927
379,0.34628296,0.0,0.0,0.10223856,0.32041073
380,0.3459952,0.0,0.0,0.101281255,0.31810492
381,0.34625155,0.0,0.0,0.100352846,0.31599998
382,0.34655005,0.0,0.0,0.099142164,0.3137543
383,0.3472758,0.0,0.0,0.09832858,0.312128
384,0.34790975,0.0,0.0,0.09727051,0.310531
385,0.3481202,0.0,0.0,0.096188195,0.30908427
386,0.34877384,0.0,0.0,0.095480025,0.3077898
387,0.34911802,0.0,0.0,0.09494675,0.30641383
388,0.3491652,0.0,0.0,0.094224565,0.3050056
389,0.34912568,0.0,0.0,0.09297867,0.30323005
390,0.34896952,0.0,0.0,0.092588164,0.30195305
391,0.34870875,0.0,0.0,0.09228284,0.3008849
392,0.3481112,0.0,0.0,0.09203951,0.29966852
393,0.3478671,0.0,0.0,0.09106835,0.2980436
394,0.34705985,0.0,0.0,0.090241425,0.29663217
395,0.34653467,0.0,0.0,0.090328,0.2961152
396,0.34542066,0.0,0.0,0.0904569,0.2956128
397,0.34486544,0.0,0.0,0.090347596,0.2953404
398,0.34474534,0.0,0.0,0.08975404,0.2953945
399,0.34390008,0.0,0.0,0.08827167,0.2949977
400,0.34284896,0.0,0.0,0.08686686,0.29456526
401,0.34125644,0.0,0.0,0.08602054,0.2940651
402,0.338862,0.0,0.0,0.08521115,0.29337388
403,0.33616474,0.0,0.0,0.08429043,0.29285586
404,0.33387968,0.0,0.0,0.0831062,0.29257452
405,0.33181486,0.0,0.0,0.08208452,0.29249877
406,0.33005887,0.0,0.0,0.08059734,0.29222304
407,0.3292131,0.0,0.0,0.07885039,0.2917375
408,0.3286183,0.0,0.0,0.076649174,0.29081798
409,0.3287825,0.0,0.0,0.07512194,0.29031253
410,0.3292151,0.0,0.0,0.07387495,0.29003847
411,0.3291732,0.0,0.0,0.07265924,0.2900052
412,0.32837245,0.0,0.0,0.07169289,0.29020762
413,0.3275134,0.0,0.0,0.070997104,0.29068053
414,0.32461208,0.0,0.0,0.06995086,0.2908673
415,0.3213362,0.0,0.0,0.06881515,0.29096827
416,0.3180008,0.0,0.0,0.06779549,0.29110405
417,0.3150737,0.0,0.0,0.06692612,0.29125214
418,0.312724,0.0,0.0,0.06536432,0.29108322
419,0.31084174,0.0,0.0,0.063334204,0.2906955
420,0.30917615,0.0,0.0,0.061121255,0.29019082
421,0.30814147,0.0,0.0,0.05931844,0.2900374
422,0.3078432,0.0,0.0,0.058075536,0.29000813
423,0.3078977,0.0,0.0,0.05632735,0.28969574
424,0.30877528,0.0,0.0,0.05485625,0.2894934
425,0.30986083,0.0,0.0,0.05388679,0.289154
426,0.3105603,0.0,0.0,0.053247493,0.28878742
427,0.31115276,0.0,0.0,0.0529041,0.28851902
428,0.31141233,0.0,0.0,0.051960565,0.2878436
429,0.3116144,0.0,0.0,0.050343752,0.2867689
430,0.3117506,0.0,0.0,0.04857265,0.28529584
431,0.31185162,0.0,0.0,0.047392428,0.2837505
432,0.31218326,0.0,0.0,0.046789665,0.28259975
433,0.312144,0.0,0.0,0.046590403,0.28168494
434,0.31192303,0.0,0.0,0.04599125,0.2805177
435,0.311647,0.0,0.0,0.044931587,0.27874157
436,0.31139797,0.0,0.0,0.04446992,0.27725327
437,0.3111539,0.0,0.0,0.044656448,0.2762527
438,0.31096977,0.0,0.0,0.044312127,0.2751543
439,0.3108284,0.0,0.0,0.043991446,0.27430028
440,0.3107869,0.0,0.0,0.043915533,0.2736984
441,0.31070536,0.0,0.0,0.04370576,0.2731187
442,0.31059515,0.0,0.0,0.04315419,0.27259994
443,0.31053436,0.0,0.0,0.041841857,0.27199432
444,0.31066912,0.0,0.0,0.04064323,0.27152607
445,0.31078315,0.0,0.0,0.040139765,0.27125102
446,0.31094706,0.0,0.0,0.03972796,0.27093527
447,0.311038,0.0,0.0,0.039761502,0.27090237
448,0.31100065,0.0,0.0,0.039414715,0.270341
449,0.31081143,0.0,0.0,0.03878416,0.26967752
450,0.3105974,0.0,0.0,0.03804225,0.2690757
451,0.31047592,0.0,0.0,0.037647925,0.2687203
452,0.31045884,0.0,0.0,0.037378367,0.26851794
453,0.30984682,0.0,0.0,0.03683104,0.2680515
454,0.3093049,0.0,0.0,0.037025414,0.2679138
455,0.30830875,0.0,0.0,0.03694495,0.26745594
456,0.30786893,0.0,0.0,0.036972996,0.267356
457,0.30593938,0.0,0.0,0.036244787,0.2663534
458,0.30418292,0.0,0.0,0.035531018,0.2654127
459,0.30122697,0.0,0.0,0.034263685,0.263856
460,0.29830486,0.0,0.0,0.033901095,0.26269647
461,0.29610777,0.0,0.0,0.033888508,0.261843
462,0.2939886,0.0,0.0,0.034312643,0.26104996
463,0.29226685,0.0,0.0,0.034571428,0.26021555
464,0.29199183,0.0,0.0,0.034520783,0.25934544
465,0.2917179,0.0,0.0,0.033728905,0.2575675
466,0.29134148,0.0,0.0,0.032797,0.25561497
467,0.29145563,0.0,0.0,0.032961443,0.2544618
468,0.29153284,0.0,0.0,0.033627562,0.25353378
469,0.29079947,0.0,0.0,0.03364896,0.25236917
470,0.28855893,0.0,0.0,0.033720188,0.251136
471,0.28846154,0.0,0.0,0.034464397,0.25074568
472,0.2885248,0.0,0.0,0.03504043,0.24996504
473,0.2891122,0.0,0.0,0.034700833,0.24873334
474,0.2897575,0.0,0.0,0.03465112,0.24758144
475,0.28788632,0.0,0.0,0.034778535,0.24638201
476,0.28432146,0.0,0.0,0.035596274,0.24567086
477,0.28140685,0.0,0.0,0.03601535,0.24495126
478,0.2783502,0.0,0.0,0.035984356,0.2439379
479,0.2756259,0.0,0.0,0.03676314,0.24362439
480,0.2727915,0.0,0.0,0.03729406,0.24272078
481,0.26985076,0.0,0.0,0.03715233,0.24081871
482,0.26693764,0.0,0.0,0.03626611,0.23845387
483,0.26529694,0.0,0.0,0.036300402,0.23609552
484,0.26341304,0.0,0.0,0.036113992,0.23301682
485,0.27746648,0.0,0.21567833,0.04005187,0.2330066
486,0.2898363,0.0,0.35775223,0.05107072,0.2524234
487,0.3038655,0.0,0.34914765,0.06331813,0.26341406
488,0.32134897,0.0,0.35401136,0.07614307,0.27214187
489,0.33345425,0.0,0.3573499,0.09196184,0.28092948
490,0.3418642,0.0,0.35386828,0.1119461,0.29150915
491,0.3482557,0.0,0.36787832,0.1316421,0.3018826
492,0.35323614,0.0,0.36899626,0.14989434,0.31079498
493,0.35844165,0.0,0.38314262,0.16747342,0.31981432
494,0.3622084,0.0,0.38572592,0.18212117,0.3264674
495,0.3640334,0.0,0.37914938,0.19364788,0.32989436
496,0.3672331,0.0,0.38758466,0.20452249,0.33388597
497,0.37390745,0.0,0.3940472,0.21257143,0.33748817
498,0.38215142,0.0,0.39922717,0.21683235,0.33797723
499,0.3929686,0.0,0.4014259,0.22260956,0.3394816
500,0.4056878,0.0,0.40071908,0.22884853,0.34129223
501,0.4176973,0.0,0.40764946,0.23827375,0.34503353
502,0.43009734,0.0,0.42637452,0.24770556,0.3499052
503,0.44679552,0.0,0.46747464,0.2625339,0.36054158
504,0.46928406,0.0,0.48185834,0.28970972,0.37950465
505,0.50244236,0.0,0.50138295,0.3214786,0.4023642
506,0.5414631,0.0,0.5281975,0.34785536,0.4203093
507,0.5807646,0.0,0.5508701,0.36402047,0.43243
508,0.61713964,0.0,0.56834215,0.36727294,0.43834594
509,0.6529393,0.0,0.59144753,0.36151776,0.4401939
510,0.6699219,0.0,0.6990233,0.31109765,0.42255786
511,0.706554,0.0,0.57144225,0.33108112,0.43897834
512,0.7673478,0.0,0.6380447,0.34976134,0.47195446
513,0.81313145,0.0,0.64372647,0.37148395,0.49148524
514,0.8501861,0.0,0.6546465,0.3952584,0.50716245
515,0.87894994,0.0,0.6576448,0.41987735,0.5274147
516,0.9008883,0.0,0.65986544,0.4401011,0.54336166
517,0.91639966,0.0,0.6683374,0.4544092,0.5546298
518,0.9318843,0.0,0.67693645,0.46805236,0.5669637
519,0.9461233,0.0,0.6961852,0.4649843,0.5664899
520,0.96079296,0.0,0.70630056,0.46018335,0.5654241
521,0.977289,0.0,0.7151976,0.4563782,0.56610143
522,0.99589884,0.0,0.7258234,0.44996515,0.56636983
523,1.0034888,0.0,0.71745604,0.44485953,0.5670384
524,1.0056281,0.0,0.7044247,0.4398198,0.56786656
525,1.0058233,0.0,0.6921038,0.43597573,0.56888974
526,1.0023768,0.0,0.6828679,0.43353367,0.570307
527,0.997565,0.0,0.6780414,0.43154752,0.57106084
528,0.9927794,0.0,0.6739582,0.42943147,0.5716704
529,0.98773706,0.0,0.6703025,0.42708227,0.57173616
530,0.9829878,0.0,0.6667168,0.42434397,0.5716265
531,0.97868663,0.0,0.66280895,0.4214498,0.57154447
532,0.97495115,0.0,0.6588818,0.41853064,0.57145655
533,0.9717228,0.0,0.6551025,0.41560426,0.5713904
534,0.9689616,0.0,0.6512948,0.41274846,0.5713354
535,0.96620154,0.0,0.6474858,0.4098951,0.5712761
536,0.96353835,0.0,0.6436593,0.40707704,0.5712464
537,0.960881,0.0,0.6398154,0.40413406,0.5712416
538,0.95821846,0.0,0.6359657,0.40118495,0.57123214
539,0.9554603,0.0,0.6318028,0.39831284,0.5712193
540,0.9526545,0.0,0.62775713,0.3955514,0.57118165
541,0.9498532,0.0,0.62377965,0.3928172,0.5711403
542,0.9470503,0.0,0.6198056,0.39008388,0.5710973
543,0.9442602,0.0,0.61583143,0.3873385,0.57104707
544,0.9414726,0.0,0.6118529,0.38459027,0.57099164
545,0.93868375,0.0,0.6078692,0.38184038,0.57093096
546,0.93588763,0.0,0.6038757,0.37905952,0.570873
547,0.933072,0.0,0.5998649,0.37621176,0.57081765
548,0.9302701,0.0,0.5958528,0.37335813,0.5707649
549,0.927485,0.0,0.5919747,0.3704761,0.57069504
550,0.9246794,0.0,0.5881577,0.36757764,0.5706103
551,0.921864,0.0,0.5843317,0.36467105,0.57051384
552,0.91903496,0.0,0.5804462,0.36177412,0.5703873
553,0.916185,0.0,0.57648367,0.35888526,0.57022345
554,0.9133416,0.0,0.57251304,0.35600552,0.57006395
555,0.91050494,0.0,0.5685359,0.3531321,0.5699096
556,0.907696,0.0,0.5645627,0.35025737,0.56975126
557,0.90496206,0.0,0.56057507,0.3473958,0.5696127
558,0.9022105,0.0,0.55685294,0.34440404,0.5694312
559,0.89946,0.0,0.553136,0.341411,0.5692444
560,0.89671075,0.0,0.5494112,0.33841702,0.5690539
561,0.893966,0.0,0.5457035,0.3354129,0.5688483
562,0.8912242,0.0,0.5420018,0.33240494,0.56863403
563,0.8884851,0.0,0.53829694,0.32939947,0.5684155
564,0.88574725,0.0,0.53458685,0.32639477,0.56819344
565,0.88301575,0.0,0.53087217,0.32339337,0.56797016
566,0.880293,0.0,0.5271323,0.3203976,0.5677468
567,0.87757236,0.0,0.523386,0.31740257,0.56751955
568,0.8748536,0.0,0.51963454,0.314409,0.5672893
569,0.87213516,0.0,0.51587534,0.31141266,0.5670555
570,0.8694362,0.0,0.51203066,0.30839467,0.56680965
571,0.866731,0.0,0.508126,0.30533376,0.5665618
572,0.8640331,0.0,0.50417477,0.3023013,0.5663318
573,0.8613423,0.0,0.5001307,0.29930675,0.5661049
574,0.85865444,0.0,0.49606904,0.29631847,0.565873
575,0.8559692,0.0,0.49200693,0.29333094,0.5656398
576,0.85328543,0.0,0.48794138,0.29035062,0.565397
577,0.8506557,0.0,0.4838665,0.28738388,0.56516564
578,0.84802896,0.0,0.47979006,0.28441772,0.56493235
579,0.84543455,0.0,0.47596633,0.28146964,0.5647127
580,0.8428457,0.0,0.47219974,0.27852544,0.5644944
581,0.84026617,0.0,0.46842197,0.2755889,0.5642784
582,0.8376334,0.0,0.46465698,0.272638,0.56410724
583,0.83499134,0.0,0.46089178,0.26968443,0.563941
584,0.83234954,0.0,0.45711952,0.26672858,0.56377536
585,0.8297032,0.0,0.4533357,0.2637428,0.5636081
586,0.8270233,0.0,0.44955537,0.26072365,0.56341386
587,0.82431185,0.0,0.44586074,0.25767657,0.5631858
588,0.82161224,0.0,0.44222575,0.2546399,0.56296444
589,0.81893283,0.0,0.4383654,0.25169113,0.56280154
590,0.81626105,0.0,0.43450817,0.24873833,0.562638
591,0.81359506,0.0,0.43071914,0.2457879,0.5624536
592,0.8109172,0.0,0.42699605,0.24285631,0.56224245
593,0.8082404,0.0,0.42326635,0.23992456,0.5620277
594,0.80556476,0.0,0.41953,0.23699285,0.5618093
595,0.80289006,0.0,0.4157869,0.23406088,0.56158733
596,0.8002176,0.0,0.41204414,0.23113234,0.5613659
597,0.79756033,0.0,0.40831804,0.22822143,0.5611564
598,0.794932,0.0,0.40458056,0.22531712,0.5609524
599,0.79231155,0.0,0.40087226,0.22242527,0.560754
600,0.789715,0.0,0.39719838,0.21955507,0.5605488
601,0.78712684,0.0,0.3935215,0.21666986,0.5603372
602,0.784539,0.0,0.38983813,0.21377829,0.5601216
603,0.7819487,0.0,0.385985,0.21086846,0.559911
604,0.7793589,0.0,0.382114,0.20795737,0.5596976
605,0.7767699,0.0,0.378237,0.20505014,0.5594783
606,0.7741873,0.0,0.37435764,0.20214967,0.5592477
607,0.7716161,0.0,0.37047875,0.19925773,0.559003
608,0.76905507,0.0,0.36650547,0.19634895,0.5587329
609,0.76442647,0.0,0.3603496,0.19058166,0.5558239
610,0.7591255,0.0,0.36028346,0.18331255,0.55159533
611,0.7296725,0.0,0.0,0.15196387,0.5272527
612,0.7136263,0.0,0.0,0.14679913,0.5226821
613,0.6973346,0.0,0.0,0.14922936,0.5245987
614,0.6796526,0.0,0.002474983,0.14754198,0.52342635
615,0.66667414,0.0,0.0,0.14355196,0.5210577
616,0.6534165,0.0,0.0,0.14103423,0.51757914
617,0.63660556,0.0,0.0,0.13663574,0.51204735
618,0.6203612,0.0,0.0,0.13147865,0.505588
619,0.6077456,0.0,0.0,0.12680247,0.5002344
620,0.6005614,0.0,0.0,0.12293909,0.49766675
621,0.59475136,0.0,0.0,0.11882163,0.4941909
622,0.5904275,0.0,0.0,0.11523051,0.49065322
623,0.5853756,0.0,0.0,0.110136874,0.48582172
624,0.58040017,0.0,0.0,0.105749555,0.4814901
625,0.5744908,0.0,0.0,0.102037765,0.47736335
626,0.57053477,0.0,0.0,0.098995335,0.47420254
627,0.5658684,0.0,0.0,0.096143,0.47128093
628,0.56253046,0.0,0.0,0.093262516,0.46870595
629,0.55759543,0.0,0.0,0.090426415,0.46552628
630,0.55133027,0.0,0.0,0.08739888,0.46185842
631,0.5425366,0.0,0.0,0.0849795,0.458116
632,0.5343106,0.0,0.0,0.08299971,0.45483363
633,0.52484125,0.0,0.0,0.08080844,0.45131987
634,0.515734,0.0,0.0,0.07892358,0.44833946
635,0.50738376,0.0,0.0,0.07670181,0.44547877
636,0.5012369,0.0,0.0,0.07445211,0.44266587
637,0.49552727,0.0,0.0,0.07216168,0.43931007
638,0.49128598,0.0,0.0,0.0708064,0.43619066
639,0.48897308,0.0,0.0,0.06865305,0.43269747
640,0.48777762,0.0,0.0,0.0671032,0.42958474
641,0.4850457,0.0,0.0,0.065073766,0.42534718
642,0.48144108,0.0,0.0,0.06288188,0.42032826
643,0.47823793,0.0,0.0,0.061455246,0.41593978
644,0.4754138,0.0,0.0,0.059780583,0.41166428
645,0.47307438,0.0,0.0,0.057800513,0.40755388
646,0.46955472,0.0,0.0,0.055745967,0.40268838
647,0.464995,0.0,0.0,0.054136824,0.39755118
648,0.46092784,0.0,0.0,0.053245142,0.3929153
649,0.4573868,0.0,0.0,0.052733064,0.38866234
650,0.45495698,0.0,0.0,0.05181057,0.38479066
651,0.45363128,0.0,0.0,0.050670445,0.38093674
652,0.45304033,0.0,0.0,0.05016158,0.37806135
653,0.45268804,0.0,0.0,0.049160648,0.37513602
654,0.45144564,0.0,0.0,0.048377685,0.37228176
655,0.44910476,0.0,0.0,0.048066333,0.36959177
656,0.44674963,0.0,0.0,0.048279494,0.36752698
657,0.4436163,0.0,0.0,0.048402097,0.36538523
658,0.44015694,0.0,0.0,0.04858177,0.3636133
659,0.43723682,0.0,0.0,0.047965445,0.36195713
660,0.43527198,0.0,0.0,0.04735074,0.36082143
661,0.43375018,0.0,0.0,0.04645373,0.35984963
662,0.4316128,0.0,0.0,0.04559887,0.35880595
663,0.42955384,0.0,0.0,0.04519004,0.358038
664,0.42769295,0.0,0.0,0.04444056,0.35721862
665,0.4251657,0.0,0.0,0.04401207,0.35644698
666,0.42228833,0.0,0.0,0.04394187,0.3557297
667,0.41983372,0.0,0.0,0.043091983,0.354827
668,0.41748273,0.0,0.0,0.04181878,0.3536123
669,0.4142073,0.0,0.0,0.040999014,0.35212708
670,0.41091725,0.0,0.0,0.040879454,0.35077065
671,0.4075326,0.0,0.0,0.040458962,0.34896198
672,0.40469477,0.0,0.0,0.03996144,0.3471157
673,0.40260255,0.0,0.0,0.03901262,0.34495765
674,0.40112323,0.0,0.0,0.038763713,0.34285793
675,0.40059936,0.0,0.0,0.038026027,0.34049344
676,0.4006789,0.0,0.0,0.037292205,0.3383004
677,0.40098354,0.0,0.0,0.03670707,0.33660728
678,0.4009021,0.0,0.0,0.036449578,0.33560687
679,0.4012228,0.0,0.0,0.035937272,0.33434728
680,0.40182078,0.0,0.0,0.035169676,0.3331896
681,0.40331376,0.0,0.0,0.03374747,0.33212534
682,0.40584287,0.0,0.0,0.03323783,0.33184123
683,0.409254,0.0,0.0,0.03234237,0.33149606
684,0.41277808,0.0,0.0,0.031876333,0.33160627
685,0.4158053,0.0,0.0,0.031893857,0.33182356
686,0.41793126,0.0,0.0,0.031263445,0.33185005
687,0.41717184,0.0,0.0,0.03066324,0.33153287
688,0.41412503,0.0,0.0,0.030624688,0.33109182
689,0.40974233,0.0,0.0,0.030818723,0.3311802
690,0.4030036,0.0,0.0,0.031531394,0.3314466
691,0.39489773,0.0,0.0,0.031896457,0.3317367
692,0.38722154,0.0,0.0,0.031097468,0.3314809
693,0.3824351,0.0,0.0,0.030406956,0.33147696
694,0.3796903,0.0,0.0,0.029582486,0.331003
695,0.37933803,0.0,0.0,0.028570428,0.3307294
696,0.3815079,0.0,0.0,0.027241293,0.33012652
697,0.38612488,0.0,0.0,0.026156,0.3293147
698,0.39097282,0.0,0.0,0.025020309,0.32825625
699,0.39557707,0.0,0.0,0.023786966,0.3271346
700,0.39952126,0.0,0.0,0.022466294,0.32593742
701,0.40228543,0.0,0.0,0.021735065,0.324919
702,0.40373838,0.0,0.0,0.021318316,0.32407403
703,0.4041639,0.0,0.0,0.02111344,0.32294515
704,0.40101928,0.0,0.0,0.021439835,0.32191136
705,0.39598373,0.0,0.0,0.021639328,0.32049084
706,0.38757664,0.0,0.0,0.021563992,0.31795752
707,0.37908936,0.0,0.0,0.02218232,0.31564534
708,0.3715929,0.0,0.0,0.022237822,0.3135515
709,0.3661306,0.0,0.0,0.022282016,0.3119157
710,0.36266622,0.0,0.0,0.022468291,0.31034976
711,0.36190933,0.0,0.0,0.022697024,0.30900264
712,0.36402237,0.0,0.0,0.023049079,0.30854192
713,0.3679303,0.0,0.0,0.022760019,0.3081383
714,0.37298506,0.0,0.0,0.021906976,0.30793047
715,0.37657773,0.0,0.0,0.020965468,0.30723277
716,0.37782875,0.0,0.0,0.020285714,0.3061298
717,0.37665504,0.0,0.0,0.020205248,0.30524275
718,0.37404,0.0,0.0,0.021086253,0.30498692
719,0.36811343,0.0,0.0,0.021891765,0.30394727
720,0.36125118,0.0,0.0,0.022132993,0.30253252
721,0.35422492,0.0,0.0,0.02211006,0.30098543
722,0.34882817,0.0,0.0,0.022294682,0.29937485
723,0.3487147,0.0,0.0,0.022514317,0.29823393
724,0.35128212,0.0,0.0,0.021676008,0.29639742
725,0.35518676,0.0,0.0,0.020940438,0.29471648
726,0.3593535,0.0,0.0,0.020467449,0.29286045
727,0.36304078,0.0,0.0,0.020527262,0.2910607
728,0.36587954,0.0,0.0,0.020838026,0.2894415
729,0.36725295,0.0,0.0,0.02111658,0.2876395
730,0.36642772,0.0,0.0,0.020971458,0.2855094
731,0.36221018,0.0,0.0,0.020704575,0.28299516
732,0.356542,0.0,0.0,0.021110218,0.28082925
733,0.35070664,0.0,0.0,0.021184497,0.27848506
734,0.34591746,0.0,0.0,0.021389037,0.27657506
735,0.34278962,0.0,0.0,0.021514535,0.27455792
736,0.34080547,0.0,0.0,0.02149823,0.27258584
737,0.34070736,0.0,0.0,0.02059587,0.27014768
738,0.34317768,0.0,0.0,0.020363726,0.2682593
739,0.34658396,0.0,0.0,0.020898998,0.2665359
740,0.35195035,0.0,0.0,0.021194763,0.26447582
741,0.35608,0.0,0.0,0.020866156,0.26214328
742,0.3561738,0.0,0.0,0.020481478,0.2589713
743,0.35413218,0.0,0.0,0.020240657,0.25544035
744,0.35124126,0.0,0.0,0.02083774,0.2526246
745,0.34943983,0.0,0.0,0.021834198,0.25033113
746,0.3473359,0.0,0.0,0.022275053,0.24781702
747,0.34536883,0.0,0.0,0.022839919,0.24591467
748,0.3442787,0.0,0.0,0.022865653,0.24418177
749,0.34354186,0.0,0.0,0.023062639,0.24259524
750,0.34323424,0.0,0.0,0.023282912,0.24154295
751,0.34313756,0.0,0.0,0.02392026,0.24070102
752,0.3426805,0.0,0.0,0.023985159,0.23925072
753,0.3423373,0.0,0.0,0.024424236,0.238147
754,0.34172183,0.0,0.0,0.024170917,0.23648112
755,0.34120774,0.0,0.0,0.024030302,0.23498738
756,0.3413245,0.0,0.0,0.024301559,0.23360091
757,0.34149912,0.0,0.0,0.024346966,0.23164147
758,0.3418239,0.0,0.0,0.024322119,0.22962737
759,0.34222874,0.0,0.0,0.024829034,0.22820558
760,0.34209442,0.0,0.0,0.025408309,0.22670916
761,0.34203774,0.0,0.0,0.025814056,0.22530322
762,0.33882037,0.0,0.0,0.024680559,0.22171846
763,0.33365035,0.0,0.0,0.024481196,0.21831946
764,0.3271485,0.0,0.0,0.025046378,0.21499239
765,0.32044527,0.0,0.0,0.025900688,0.21179858
766,0.31500006,0.0,0.0,0.02630515,0.2084822
767,0.31017876,0.0,0.0,0.026833352,0.20560434
768,0.30705032,0.0,0.0,0.027195234,0.20305352
769,0.30546892,0.0,0.0,0.027125325,0.20021911
770,0.305236,0.0,0.0,0.026566382,0.19693395
771,0.3058827,0.0,0.0,0.026770152,0.19464561
772,0.30688456,0.0,0.0,0.027094968,0.19239603
773,0.32336986,0.0,0.22067532,0.03147413,0.19234084
774,0.3349575,0.0,0.36475417,0.042921223,0.21103619
775,0.34970766,0.0,0.34611362,0.05490455,0.22299838
776,0.36777696,0.0,0.3469993,0.070547,0.23619677
777,0.3834303,0.0,0.3646527,0.08873882,0.24959613
778,0.39293653,0.0,0.35610735,0.1073566,0.2613739
779,0.39849472,0.0,0.3684071,0.1249057,0.27089927
780,0.40283883,0.0,0.37143746,0.14022832,0.27727878
781,0.40826052,0.0,0.3721726,0.15485547,0.28280017
782,0.41884893,0.0,0.37476036,0.16874664,0.28910196
783,0.4288445,0.0,0.37330216,0.18197308,0.2950882
784,0.43608302,0.0,0.3769535,0.19316284,0.29984003
785,0.44306368,0.0,0.3769481,0.20477259,0.3058737
786,0.45011997,0.0,0.37757307,0.21724996,0.312005
787,0.4558645,0.0,0.39082918,0.22775508,0.31616896
788,0.46001485,0.0,0.39241788,0.23763128,0.319055
789,0.46597627,0.0,0.3973883,0.2481437,0.32236204
790,0.47424096,0.0,0.41639903,0.25682047,0.32581335
791,0.48781294,0.0,0.42871916,0.26901048,0.33351624
792,0.50891,0.0,0.44032115,0.28959897,0.34905145
793,0.53301775,0.0,0.444341,0.31554222,0.36842492
794,0.56004286,0.0,0.46508127,0.34215537,0.38870054
795,0.58175373,0.0,0.45725167,0.3696753,0.4090594
796,0.5944792,0.0,0.43985707,0.38703614,0.42255458
797,0.6003678,0.0,0.4316576,0.39729816,0.43099996
798,0.5996352,0.0,0.4129842,0.4008845,0.43440703
799,0.59628963,0.0,0.40338063,0.40304497,0.43672156
800,0.5921812,0.0,0.41354492,0.40361807,0.43813357
801,0.5870792,0.0,0.40326533,0.40379056,0.44000748
802,0.5836031,0.0,0.4014799,0.40371105,0.44181937
803,0.5797895,0.0,0.39873162,0.40360644,0.44274002
804,0.5772245,0.0,0.39512533,0.40455684,0.44493276
805,0.57627285,0.0,0.4100349,0.40473613,0.44668484
806,0.5745011,0.0,0.40443465,0.40329543,0.44690436
807,0.5708684,0.0,0.4095412,0.39638355,0.44169128
808,0.56596696,0.0,0.39444256,0.38662538,0.43396097
809,0.5661173,0.0,0.40341553,0.37833747,0.42906916
810,0.56334805,0.0,0.38469222,0.37328747,0.42486182
811,0.56230974,0.0,0.37994784,0.37381598,0.42423037
812,0.56376094,0.0,0.39482665,0.38021514,0.42745078
813,0.5654175,0.0,0.4054862,0.38917342,0.43321723
814,0.5697301,0.0,0.4057319,0.3997322,0.4404998
815,0.5725974,0.0,0.3959971,0.41055602,0.44682753
816,0.5763327,0.0,0.39104888,0.41797683,0.45108587
817,0.5817746,0.0,0.3927846,0.42058036,0.45349157
818,0.58578205,0.0,0.40018672,0.41931543,0.45403317
819,0.5899049,0.0,0.39203697,0.42092934,0.45728207
820,0.59356564,0.0,0.39077508,0.42824548,0.46385935
821,0.59626687,0.0,0.39913654,0.4388313,0.47142187
822,0.5970345,0.0,0.39627516,0.44712234,0.47700942
823,0.5965015,0.0,0.38749704,0.4525024,0.48011926
824,0.59618187,0.0,0.3985725,0.45125887,0.478871
825,0.5944011,0.0,0.40722385,0.44866112,0.47755498
826,0.59329325,0.0,0.42152506,0.4429879,0.4747175
827,0.59250295,0.0,0.42915493,0.43393704,0.47040704
828,0.59816194,0.0,0.48974085,0.42509034,0.46745592
829,0.61464715,0.0,0.56815165,0.42088595,0.47691792
830,0.6447295,0.0,0.5594836,0.42424437,0.48306784
831,0.6769457,0.0,0.51533234,0.43528023,0.49599004
832,0.6908431,0.0,0.42673182,0.44192934,0.50482017
833,0.7032854,0.0,0.5163026,0.43832657,0.5066874
834,0.7028638,0.0,0.44752628,0.4253722,0.50037074
835,0.70081395,0.0,0.49900913,0.40844092,0.4874135
836,0.70216477,0.0,0.5836187,0.39587435,0.48236245
837,0.704962,0.0,0.5291842,0.38620386,0.4796145
838,0.7119218,0.0,0.48134482,0.37731242,0.47525537
839,0.6965025,0.0,0.10362491,0.35731137,0.46303773
840,0.680205,0.0,0.0,0.32900193,0.4485523
841,0.6619699,0.0,0.039859075,0.3213589,0.4430907
842,0.6380241,0.0,0.058755893,0.31414214,0.43857706
843,0.6211424,0.0,0.12561277,0.31047356,0.4341469
844,0.61554897,0.0,0.401515,0.30907217,0.43616977
845,0.61251104,0.0,0.43471885,0.311776,0.4488737
846,0.62126243,0.0,0.42345282,0.30134472,0.4464575
847,0.6102639,0.0,0.3608383,0.2921963,0.44348976
848,0.6095497,0.0,0.3842868,0.28016675,0.44170606
849,0.6135886,0.0,0.40804273,0.27103382,0.44008
850,0.61292,0.0,0.35604393,0.26131567,0.43584707
851,0.61374176,0.0,0.38524255,0.25257868,0.43244362
852,0.6056662,0.0,0.36748138,0.24379478,0.4261658
853,0.5996531,0.0,0.3612815,0.24737905,0.43257475
854,0.5968237,0.0,0.36092278,0.26252842,0.44662964
855,0.59624374,0.0,0.3760751,0.27794904,0.46254933
856,0.59734595,0.0,0.36316258,0.3036099,0.48510242
857,0.6041584,0.0,0.39582837,0.33859795,0.5133515
858,0.611899,0.0,0.45308107,0.37020656,0.53740335
859,0.6162423,0.0,0.44009423,0.39501104,0.55315375
860,0.6213161,0.0,0.45841515,0.40603134,0.5552633
861,0.628914,0.0,0.48633277,0.41468766,0.5580077
862,0.6370414,0.0,0.4580924,0.4253733,0.5613138
863,0.6479087,0.0,0.45496842,0.43196452,0.56252474
864,0.65615374,0.0,0.46142888,0.43474653,0.563922
865,0.6611446,0.0,0.4147514,0.43930823,0.56582147
866,0.66521835,0.0,0.40129063,0.4372551,0.56198686
867,0.6640177,0.0,0.39932904,0.42969665,0.55155945
868,0.65979993,0.0,0.4036063,0.4179398,0.5388743
869,0.6564077,0.0,0.40299064,0.40713128,0.5263295
870,0.65314853,0.0,0.4159021,0.4006897,0.51644915
871,0.6501682,0.0,0.40359202,0.39874947,0.51018393
872,0.64860654,0.0,0.4104435,0.39820936,0.5051681
873,0.6463644,0.0,0.39384544,0.40029195,0.5015294
874,0.64388996,0.0,0.38341403,0.3996628,0.49662638
875,0.638747,0.0,0.3813395,0.40084964,0.49144903
876,0.63266337,0.0,0.38402468,0.401052,0.48484114
877,0.62838066,0.0,0.37864316,0.40321162,0.48060173
878,0.6282695,0.0,0.36428177,0.40972927,0.48053378
879,0.6283331,0.0,0.38740605,0.40946993,0.47595292
880,0.6269266,0.0,0.38270205,0.40591273,0.46916163
881,0.62602705,0.0,0.37553775,0.39961153,0.4602484
882,0.62508506,0.0,0.37749505,0.39818206,0.4559446
883,0.6214273,0.0,0.37947994,0.4019971,0.4554454
884,0.6160862,0.0,0.37629208,0.40025005,0.45012105
885,0.6120615,0.0,0.37953284,0.3989493,0.44550788
886,0.608279,0.0,0.38107258,0.3926849,0.4376324
887,0.6021681,0.0,0.36921364,0.38136956,0.4252424
888,0.5984676,0.0,0.37276763,0.37019905,0.41390765
889,0.59599936,0.0,0.37032318,0.35836312,0.4026566
890,0.59467185,0.0,0.3697469,0.34617543,0.3918587
891,0.5924628,0.0,0.3678276,0.3325243,0.37979698
892,0.5882609,0.0,0.36315796,0.32102385,0.36899987
893,0.5843741,0.0,0.3629181,0.30934766,0.3579725
894,0.580246,0.0,0.3607054,0.3013149,0.34970707
895,0.5747074,0.0,0.3599476,0.29469362,0.34256637
896,0.57093513,0.0,0.3597901,0.29051635,0.33754137
897,0.56435263,0.0,0.36102393,0.28346205,0.3300361
898,0.54829514,0.0,0.21370348,0.27619082,0.3213197
899,0.5303771,0.0,0.0,0.2533072,0.3072774
900,0.5216188,0.0,0.0,0.24692065,0.29972976
901,0.50180805,0.0,0.00023034657,0.23405476,0.28788525
902,0.48610234,0.0,0.009217133,0.22161978,0.2786193
903,0.47221017,0.0,0.007550259,0.21229349,0.2705169
904,0.45851797,0.0,0.004351099,0.20077752,0.2603762
905,0.4438871,0.0,0.0,0.18640102,0.24696827
906,0.4287495,0.0,0.0,0.16758722,0.22956342
907,0.41714576,0.0,0.0,0.1473495,0.20944992
908,0.41408873,0.0,0.0,0.13424756,0.19700694
909,0.40954512,0.0,0.0,0.12308956,0.18536313
910,0.4051092,0.0,0.0,0.11380308,0.17374642
911,0.4048881,0.0,0.0,0.10666468,0.16317832
912,0.4069751,0.0,0.0,0.09924673,0.15330528
913,0.4065541,0.0,0.0,0.08925332,0.14078635
914,0.40446177,0.0,0.0,0.07982383,0.12852985
915,0.40172043,0.0,0.0,0.0733058,0.11958969
916,0.402183,0.0,0.0,0.06913243,0.11296871
917,0.40133512,0.0,0.0,0.06526198,0.10706645
918,0.39821887,0.0,0.0,0.061352134,0.10175261
919,0.39498854,0.0,0.0,0.055905946,0.09524051
920,0.39302352,0.0,0.0,0.05264122,0.09056958
